country,1900,1901,1902,1903,1904,1905,1906,1907,1908,1909,1910,1911,1912,1913,1914,1915,1916,1917,1918,1919,1920,1921,1922,1923,1924,1925,1926,1927,1928,1929,1930,1931,1932,1933,1934,1935,1936,1937,1938,1939,1940,1941,1942,1943,1944,1945,1946,1947,1948,1949,1950,1951,1952,1953,1954,1955,1956,1957,1958,1959,1960,1961,1962,1963,1964,1965,1966,1967,1968,1969,1970,1971,1972,1973,1974,1975,1976,1977,1978,1979,1980,1981,1982,1983,1984,1985,1986,1987,1988,1989,1990,1991,1992,1993,1994,1995,1996,1997,1998,1999,2000,2001,2002,2003,2004,2005,2006,2007,2008,2009,2010,2011,2012,2013,2014,2015,2016,2017,2018,2019,2020,2021,2022
Afghanistan,,,,,,,,,,,,,,,,,,,,,,,,,,,,,,,,,,,,,,,,,,,,,,,,,,,,,,,2000,0,151,0,0,0,0,0,0,107,0,0,0,0,0,0,0,100,161,0,0,0,101,0,120,0,0,0,500,12,1,0,0,70,0,0,144,1430,614,225,160,381,70,175,7120,70,37,331,1290,137,18,582,382,296,1320,101,350,83,378,155,575,446,84,226,123,211,328,396,28
Angola,,,,,,,,,,,,,,,,,,,,,,,,,,,,,,,,,,,,,,,,,,,,,,,,,,,,,,,,,,,,,,,,,,,,,,,,,,,,,,,,,,0,0,0,0,0,0,0,0,0,0,0,0,0,0,0,0,0,0,0,59,115,8,15,28,0,0,105,7,62,25,130,0,9,0,75,113,11,8,71,33,22,
Albania,,,,,,120,0,0,0,0,0,0,0,0,0,0,0,0,0,0,200,0,0,0,0,0,0,0,0,0,60,90,0,0,0,0,0,0,0,0,0,0,43,0,0,0,0,0,0,0,0,0,0,0,0,0,0,0,0,0,0,0,15,0,0,0,0,11,0,0,0,0,0,0,0,0,0,0,0,35,0,0,1,0,0,125,0,0,0,0,0,0,11,0,0,4,0,0,0,0,0,0,7,0,3,5,0,0,0,0,0,0,5,0,0,1,2,7,0,51,0,0,
United Arab Emirates,,,,,,,,,,,,,,,,,,,,,,,,,,,,,,,,,,,,,,,,,,,,,,,,,,,,,,,,,,,,,,,,,,,,,,,0,0,0,0,0,0,0,0,0,0,0,0,0,0,0,0,0,0,0,0,0,0,0,0,0,0,0,0,0,0,0,0,0,0,0,0,0,0,0,0,0,0,0,0,0,0,0,0,,,,,
Argentina,,,,,,,,,,,,,,,,,,,,,400,0,0,0,0,0,0,0,0,0,0,0,0,0,0,0,0,0,0,0,0,0,0,0,10k,0,0,0,0,0,0,0,0,0,0,0,0,0,360,0,0,0,0,0,0,45,62,56,0,0,36,0,100,60,100,20,0,70,5,0,41,0,0,0,30,43,4,1,25,0,21,0,45,15,24,6,0,0,19,0,37,35,11,39,10,11,0,19,0,23,42,0,25,56,27,19,0,1,2,14,3,15,
Armenia,,,,,,,,,,,,,,,,,,,,,,,,,,,,,,,,2890,0,0,0,0,0,0,0,0,0,0,0,0,0,0,0,0,0,0,0,0,0,0,0,0,0,0,0,0,0,0,0,0,0,0,0,0,0,0,0,0,0,0,0,0,0,0,0,0,0,0,0,0,0,0,0,0,0,0,0,0,0,0,0,0,0,4,0,0,0,0,0,0,1,0,0,0,0,0,0,0,0,0,0,0,0,0,0,0,0,,
Antigua and Barbuda,,,,,,,,,,,,,,,,,,,,,,,,,,,,,,,,,,,,,,,,,,,,,,,,,,,2,0,0,0,0,0,0,0,0,0,2,0,0,0,0,0,0,0,0,0,0,0,0,0,0,0,0,0,0,0,0,0,0,0,0,0,0,0,0,2,0,0,0,0,0,2,0,0,2,2,0,0,0,0,0,0,0,0,0,0,0,0,0,0,0,0,0,1,,,,,
Australia,,,,,,,,,,,,,,,,,,,,,,,,,,,,,,,,,,,0,0,0,0,0,71,0,0,0,0,49,0,0,0,0,0,0,0,0,0,0,70,0,0,0,0,0,0,0,0,0,0,0,662,12,0,13,30,0,12,90,0,0,3,12,15,0,2,1,75,36,38,15,0,17,25,12,0,2,18,36,9,21,21,20,8,1,6,2,6,6,16,4,11,8,535,36,1,4,9,141,16,8,12,0,35,1,7,
Austria,,,,,,,,,,,,,,,,,,,,,,,,,,,,,,,,,,,,,,,,,,,,,,,,,,,,,28,0,210,0,0,0,0,0,0,0,0,0,0,0,0,0,0,0,0,0,0,0,0,15,0,0,0,0,0,0,12,0,42,12,0,0,0,0,3,5,0,0,0,2,0,3,0,53,13,0,12,345,0,4,0,5,4,3,0,0,5,4,0,0,0,5,0,12,0,1,
Azerbaijan,,,86,0,0,0,0,0,0,0,0,0,0,0,0,0,0,0,0,0,0,0,0,0,0,0,0,0,0,0,0,0,0,0,0,0,0,0,0,0,0,0,0,0,0,0,0,0,0,0,0,0,0,0,0,0,0,0,0,0,0,0,0,0,0,0,0,0,0,0,0,0,0,0,0,0,0,0,0,0,0,0,0,0,0,0,0,0,0,0,0,0,0,0,0,5,0,11,1,1,42,0,0,0,0,0,0,0,0,0,3,0,5,0,0,0,0,0,0,0,0,0,
Burundi,,,,,,,,,,,,,,,,,,,,,,,,,,,,,,,,,,,,,,,,,,,,,,,,,,,,,,,,,,,,,,,,,,,,,,,,,,,,,,,0,0,0,0,0,0,0,0,0,0,0,12,0,0,0,0,0,0,0,0,0,6,0,0,0,0,3,120,22,5,9,0,9,12,0,0,96,63,0,6,0,61,5,0,
Belgium,,0,0,0,0,0,6,0,0,0,0,0,0,0,0,0,0,0,0,0,0,0,0,0,0,0,0,0,0,0,60,0,0,0,0,0,0,0,0,0,0,0,0,0,0,0,0,0,0,0,0,0,0,11,0,0,4,0,0,0,0,0,0,12,0,0,0,0,0,0,0,0,0,0,0,0,0,0,0,0,0,0,0,2,0,0,0,0,0,0,16,0,0,0,0,6,0,0,1,2,0,0,7,1180,0,2,940,2,1,0,4,5,3,0,0,410,2,0,1,716,1460,43,
Benin,,,,,,,,,,,,,,,,,,,,,,,,,,,,,,,,,,,,,,,,,,,,,,,,,,,,,,,,,,,,,,,,,,,,,,0,0,0,0,0,0,0,0,0,2,0,0,0,0,0,0,61,0,0,0,0,0,3,0,0,0,20,11,0,0,3,0,0,0,0,0,0,0,10,15,10,46,0,4,1,0,0,0,0,0,0,6,9,
Burkina Faso,,,,,,,,,,,0,0,0,0,0,0,0,0,0,0,0,0,0,0,0,0,0,0,0,0,0,0,0,0,0,0,0,0,0,0,0,0,0,0,0,0,0,0,0,0,0,0,0,0,0,0,0,0,0,0,0,0,0,0,0,0,0,0,0,0,0,0,0,0,0,0,0,0,0,0,0,0,0,0,0,0,0,0,16,0,0,0,0,0,22,0,0,0,0,6,0,0,0,0,0,0,0,52,6,9,16,0,18,2,0,8,15,2,0,0,13,0,
Bangladesh,,,,,0,0,0,0,0,172,0,0,0,0,0,0,0,0,0,0,0,0,0,6,0,0,0,0,0,0,0,0,0,0,0,0,0,0,0,0,0,5000,61k,1.9M,0,0,0,500,0,0,0,200,0,0,0,0,0,0,500,0,18.1k,11.3k,0,22.1k,300,48.9k,889,91,339,849,300k,163,250,2330,31.5k,0,215,647,1050,71,666,1090,0,930,1200,15.2k,214,2290,3510,1170,1020,139k,40,646,350,1610,881,560,1490,330,191,253,832,529,1000,332,154,5640,68,348,107,102,344,50,79,159,198,323,102,260,283,24,
Bulgaria,,,,,,,,,,,,,,,,,0,0,0,0,0,0,0,0,0,0,0,0,107,0,0,0,0,0,0,0,0,0,0,0,0,0,0,0,0,0,0,0,0,0,0,0,0,0,0,0,0,0,0,0,0,0,0,0,0,11,0,0,0,0,0,0,0,0,0,0,0,20,0,0,0,0,0,0,0,0,3,0,0,0,1,0,0,0,0,0,0,0,3,0,14,2,1,0,0,57,0,17,10,0,3,0,38,0,21,5,0,0,0,0,0,0,
Bahrain,,,,,,,,,,,,,,,,,,,,,,,,,,,,,,,,,,,,,,,,,,,,,,,,,,,,,,,,,,,,,,,,,,,,,,,,,,,,,,,0,0,0,0,0,0,0,0,0,0,0,0,0,0,0,0,0,0,0,0,0,0,0,0,0,0,0,0,0,0,0,0,0,0,0,0,,,,,,,,,
Bahamas,,,,,,,,,,,,,,,,,,,,,,,,,,,0,0,0,0,0,0,0,0,0,14,0,0,0,0,0,0,0,0,0,22,0,0,0,0,0,0,0,0,0,0,0,0,0,0,0,0,0,0,0,0,5,0,0,0,0,0,0,0,0,0,0,0,0,0,0,0,0,0,0,0,0,0,0,0,0,0,4,0,0,0,0,0,0,1,0,0,0,0,12,1,0,1,0,0,0,0,1,0,0,33,0,0,0,356,,,
Bosnia and Herzegovina,,,,,,,,,,,,,,,,,,,,,,,,,,,,,,,,,,,,,,,,,,,,,,,,,,,,,,,,,,,,,,,,,,,,,,,,,,,,,,,,,,,,,,,,,,,,,,,,,,0,0,0,6,0,0,0,0,4,0,0,0,1,5,0,4,0,26,0,0,0,0,1,0,0,
Belarus,,,,,,,,,,,,,,,,0,0,0,0,0,0,0,0,0,0,0,0,0,0,0,0,0,0,0,0,0,0,0,0,0,0,0,0,0,0,0,0,0,0,0,0,0,0,0,0,0,0,0,0,0,0,0,0,0,0,0,0,0,0,0,0,0,0,0,0,0,0,0,0,0,0,0,0,0,0,0,0,0,0,0,0,0,0,0,0,0,0,5,0,2,0,0,0,0,0,5,0,0,0,0,0,0,0,4,2,0,0,43,0,,,,
Belize,,,,,,,,,,,,,,,,,,,,,,,,,,,,,,,,1500,0,0,0,0,0,0,0,0,0,0,0,0,0,0,0,0,0,0,0,0,0,0,0,16,0,0,0,0,0,275,0,0,0,0,0,0,0,0,0,0,0,0,0,0,0,0,5,0,0,0,0,0,0,0,0,0,0,0,0,0,0,0,0,0,0,0,9,0,14,30,0,0,0,3,0,0,8,0,0,0,0,0,0,0,0,0,0,0,0,,
Bolivia,,,,,,,,,,,,,,,,,,,,,,,,,,,,,,,,,,,,,0,0,0,0,0,0,0,0,0,0,0,0,0,0,0,0,0,0,0,0,0,0,0,0,0,0,0,0,0,40,14,0,24,0,0,0,0,0,31,0,0,10,40,0,0,0,0,250,0,0,29,25,0,0,0,0,53,0,5,0,40,56,155,3,36,50,96,143,0,0,25,115,0,0,30,52,13,136,137,0,4,0,6,83,25,50,
Brazil,,,,,,,,,,,,,,,,,,,,,,,,,,,,,0,0,0,0,0,0,0,0,0,0,0,0,0,0,0,0,0,0,0,0,200,100,0,0,0,0,0,0,66,112,0,159,0,0,0,0,100,22,946,1260,113,316,172,239,0,20,326,244,0,72,26,300,82,97,33,176,273,123,29,107,732,303,24,44,137,0,0,238,186,93,14,32,115,98,104,255,39,49,20,70,203,168,395,978,3,121,41,28,33,14,22,47,163,63,10
Barbados,,,,,,,,,,,,,,,,,,,,,,,,,,,,,,,,,,,,,,,,,,,,,,,,,,,,,,,,57,0,0,0,0,0,0,0,0,0,0,0,0,0,0,3,0,0,0,0,0,0,0,0,0,0,0,0,0,0,0,0,0,0,0,0,0,0,0,0,0,0,0,0,0,0,0,0,0,1,0,0,0,0,0,0,0,0,0,0,0,0,1,0,0,0,0,
Brunei,,,,,,,,,,,,,,,,,,,,,,,,,,,,,,,,,,,,,,,,,,,,,,,,,,,,,,,,,,,,,,,,,,,,,,,,,,,,,,,,,,,,,,,,,,,,,,,,,,,0,,,,,,,,,,,,,,,,,,,,,,,,
Bhutan,,,,,,,,,,,,,,,,,,,,,,,,,,,,,,,,,,,,,,,,,,,,,,,,,,,,,,,,,,,,,,,,,,,,,,,,,,,,,,,,,,,,,,0,0,0,0,0,0,0,0,0,39,0,0,0,0,0,200,0,0,0,0,0,0,0,0,23,0,1,0,0,0,0,0,0,0,0,0,10,
Botswana,,,,,,,,,,,,,,,,,,,,,,,,,,,,,,,,,,,,,,,,,,,,,,,,,,,,,,,,,,,,,,,,,,0,0,0,0,0,0,0,0,0,0,0,0,0,0,0,0,0,0,0,0,0,0,0,8,0,0,0,0,0,0,20,0,0,0,0,3,0,0,0,0,0,0,0,0,0,0,0,0,12,0,0,0,0,0,0,,,
Central African Republic,,,,,,,,,,,,,,,,,,,,,,,,,,,,,,,,,,,,,,,,,,,,,,,,,,,,,,,,,,,,,,,,,,,,,,,,,,0,0,0,0,0,0,0,0,0,0,0,0,0,0,0,0,0,0,0,0,0,0,0,7,0,0,0,0,3,1,0,3,1,0,1,0,4,3,1,0,0,0,1,0,0,0,0,0,0,0
Canada,,,,76,0,18,0,0,33,0,62,73,28,0,0,56,0,0,0,0,0,0,43,0,0,0,0,0,27,0,0,0,0,0,0,0,500,0,0,0,0,0,0,0,0,0,17,0,0,0,1,0,0,0,83,3,0,0,0,6,0,0,33,0,0,26,0,0,0,0,10,31,0,0,0,14,0,0,0,0,0,0,0,0,0,12,0,27,2,1,8,0,0,0,0,2,10,5,31,7,11,11,0,7,0,4,1,6,0,2,0,8,0,14,0,0,0,2,70,2,1,815,
Switzerland,,,,,,,,,,,,,,,,,,,,,,,,,,,,,,,,,,,,0,0,0,0,0,0,0,0,0,0,0,0,0,0,0,0,92,0,0,0,0,0,0,0,0,0,0,0,0,0,90,0,0,20,0,30,0,0,0,0,13,0,0,0,0,0,0,0,0,0,0,0,1,0,0,5,0,0,2,0,0,0,0,0,45,16,0,5,1040,0,6,1,1,0,0,0,0,11,0,2,0,0,8,0,4,0,0,
Chile,,,,,,,20k,0,0,0,0,0,0,0,0,0,0,0,0,0,0,0,1000,0,0,0,0,0,220,0,0,0,0,0,0,0,0,0,0,30k,0,0,0,12,0,0,2,0,100,41,0,0,0,15,0,0,0,0,0,0,6000,0,0,0,4,1080,4,0,0,0,0,85,0,0,32,0,0,15,4,30,0,0,0,4,127,180,39,164,0,21,0,141,0,115,0,33,0,44,0,0,16,6,19,0,3,61,18,18,9,0,562,1,8,0,18,204,12,42,0,8,0,0,
China,,,2500,0,0,0,280,12k,0,21,0,100k,50k,942,0,170,0,1800,10k,0,680k,0,100k,5000,100,5010,0,45.9k,3M,0,242,3.71M,0,28.2k,500,142k,145,390,0,500k,181,147,120,0,0,17,0,0,3040,57k,500,4800,54,0,32k,39,4000,560,0,2M,0,0,0,0,686,0,0,0,0,3000,10.1k,0,0,0,20k,22k,242k,0,0,42,6490,2470,551,921,144,1660,683,881,3970,3160,1320,4320,1450,1570,3200,2440,5610,1630,4500,1730,678,922,1430,1090,807,1020,2110,1160,88.5k,582,7190,746,802,1400,1580,500,1290,514,354,572,463,455,13
Cote d'Ivoire,,,,,,,,,,,,,,,,,,,,,,,,,,,,,,,,,,,,,,,,,,,,,,,,,,,,,,,,,,,,,,,,,,,,,,,0,0,0,0,0,0,0,0,0,0,0,0,0,0,0,0,0,0,0,0,0,0,0,0,0,0,28,0,0,0,0,0,0,0,0,0,0,0,6,27,18,0,0,0,46,16,20,15,20,12,24,0,
Cameroon,,,,,,,,,,,,,,,,,,,,,,,,,,,,,,,,,,,,,,,,,,,,,,,,,,,,,,,,,,,,,,,,,,,,,,,,0,0,0,0,0,0,0,0,0,0,0,0,0,37,0,1750,0,2,0,0,2,0,0,6,0,0,0,0,24,3,30,0,20,0,2,0,8,9,0,13,0,25,0,0,4,0,3,0,54,0,0,
"Congo, Dem. Rep.",,,,,,,,,,,,,,,,,,,,,,,,,,,,,,,,,,,,,,,,,,,,,,,,,0,0,0,0,0,0,0,0,0,0,0,0,0,0,0,0,0,0,24,0,154,0,0,0,0,0,0,0,0,147,0,0,0,0,0,0,0,0,0,0,0,0,23,0,9,0,39,0,0,0,0,2,0,62,240,29,0,14,4,32,36,0,54,0,1,0,165,55,50,279,51,80,83,32,
"Congo, Rep.",,,,,,,,,,,,,,,,,,,,,,,,,,,,,,,,,,,,,,,,,,,,,,,,,0,0,0,0,0,0,0,0,0,0,0,0,0,0,0,0,0,0,0,154,0,0,0,0,0,0,0,0,0,0,0,0,0,0,0,0,0,0,0,0,0,0,0,0,0,0,0,0,0,0,0,2,0,0,0,0,0,1,6,0,0,0,0,0,19,0,0,0,0,0,0,0,20,24,
Colombia,,,,,,,400,0,0,0,0,0,0,0,0,0,0,0,0,0,0,0,0,300,0,0,100,0,0,0,0,0,0,0,0,0,18,0,0,0,0,0,0,0,0,0,0,0,0,1000,211,0,0,0,187,0,0,0,111,184,0,0,182,0,0,32,0,81,0,0,407,251,70,225,401,0,60,0,0,701,40,225,120,411,0,21.8k,278,674,146,16,10,107,11,170,308,141,17,2,104,1280,115,99,135,115,116,180,150,218,153,53,624,313,77,7,88,104,10,384,26,84,66,42,
Comoros,,,,17,0,0,0,0,0,0,0,0,0,0,0,0,0,0,0,0,0,0,0,0,0,0,0,0,0,0,0,0,0,0,0,0,0,0,0,0,0,0,0,0,0,0,0,0,0,0,0,500,0,0,0,0,0,0,0,0,0,0,0,0,0,0,0,0,0,0,0,0,0,0,0,0,0,1,0,0,0,0,0,33,0,2,0,24,0,0,0,0,0,0,0,0,0,0,0,0,0,0,0,0,0,1,0,0,0,2,0,0,4,0,0,0,0,0,0,8,,,
Cape Verde,11k,0,0,0,0,0,0,0,0,0,0,0,0,0,0,0,0,0,0,0,24k,0,0,0,0,0,0,0,0,0,0,0,0,0,0,0,0,0,0,0,20k,0,0,0,0,0,30k,0,0,0,0,0,0,0,0,0,0,0,0,0,0,0,0,0,0,0,0,0,0,0,0,0,0,0,0,0,0,0,0,0,0,0,3,0,29,0,0,0,0,0,0,0,0,0,0,0,0,0,0,0,0,0,0,0,0,0,0,0,0,3,0,0,0,0,0,9,0,0,,,,,
Costa Rica,,,,,,,,,,,2450,0,0,0,0,0,0,0,0,0,0,0,0,0,0,0,0,0,0,0,0,0,0,0,0,0,0,0,0,0,0,0,0,0,0,0,0,0,0,0,0,0,29,0,0,10,0,0,0,0,0,0,0,15,0,0,0,0,87,7,24,0,0,21,0,2,0,0,0,0,1,0,0,12,0,0,0,0,35,0,1,48,0,12,2,0,60,0,8,9,7,0,10,3,10,6,0,19,11,31,27,4,8,0,0,0,9,13,1,0,0,3,
Cuba,,,,,,,,,,,,,,,,,,,,,,,,,,,600,0,0,0,0,0,2500,0,0,35,0,0,0,0,0,0,0,0,0,0,0,0,14,0,0,0,0,0,0,0,0,0,0,0,0,0,0,1750,0,0,5,0,0,0,20,0,0,0,0,0,1,7,6,0,3,0,24,15,0,4,0,0,23,0,4,0,0,51,14,2,3,0,6,4,2,5,3,0,4,20,2,1,7,0,0,0,14,2,0,3,0,10,9,6,0,0,
Cyprus,,,,,,,,,,,,,,,,,,,,,,,,,,,,,,,,,,,,,,,,,,,,,,,,,,,,,,40,0,0,0,0,0,0,0,0,0,0,0,0,0,0,0,3,0,0,0,0,0,0,0,0,0,0,0,0,0,0,0,0,0,0,0,0,0,0,0,0,0,2,0,0,52,0,5,0,0,0,0,0,0,4,0,0,0,0,0,0,0,0,0,0,0,0,0,4,
Czech Republic,,,,,,,,,,,,,,,,,,,,,,,,,,,,,,,,,,,,,,,,,,,,,,,,,,,,,,,,,,,,,,,,,,,,,,,,,,,,,,,,,,,,,,,,,,,,,,,,0,1,29,6,0,0,0,20,418,0,16,6,4,2,15,23,0,32,15,0,0,0,0,3,0,1,6,
Germany,,,,,,,,,0,0,0,0,0,0,0,0,0,0,0,0,0,0,0,0,0,0,0,0,0,0,0,0,0,0,0,0,0,0,0,0,0,0,0,0,0,0,0,0,0,0,0,0,0,0,0,0,0,0,0,0,0,0,0,0,0,0,0,0,0,0,0,0,0,0,0,0,0,0,0,0,0,0,0,0,0,0,0,0,0,0,64,0,1,11,13,5,0,30,3,30,0,6,49,9370,2,14,13,19,9,15,8,4,6,11,8,0,7,5,5,5,0,206,
Djibouti,,,,,,,,,,,,,,,,,,,,,,,,,,,,,,,,,,,,,,,,,,,,,,,,,,,,,,,,,,,,,,,,,,,,,,,,,,,,,,0,0,0,0,25,0,0,0,0,0,0,0,10,0,0,0,0,145,0,0,0,0,0,0,0,0,0,51,0,0,0,0,0,0,0,0,0,0,0,0,0,2,11,8,0,
Dominica,,,,,,,,,,,,,,,,,,,,,,,,,,,,,,,2000,0,0,0,0,0,0,0,0,0,0,0,0,0,0,0,0,0,0,0,0,0,0,0,0,0,0,0,0,0,0,0,0,0,0,0,0,0,0,0,0,0,0,0,0,0,0,0,0,40,0,0,0,0,2,0,0,0,0,0,0,0,0,0,0,2,0,0,0,0,0,0,0,0,0,0,0,2,0,0,0,0,0,0,0,30,0,64,,,,,
Denmark,,,,,,,,,,,,,,,,,,0,0,0,0,0,0,0,0,0,0,0,0,0,0,0,0,0,0,0,0,0,0,0,0,0,0,0,0,0,0,0,0,0,0,0,0,0,0,0,0,0,0,0,0,0,0,0,0,0,0,0,0,0,0,0,0,0,0,0,0,0,0,0,0,9,0,2,0,0,0,0,0,0,1,0,0,0,0,0,0,0,0,7,0,0,1,0,0,4,0,0,0,0,0,0,0,2,,,,,,,,,
Dominican Republic,,,,,,,,,,,,,,,,,,,,,,,,,,,,,,,2000,0,0,0,0,0,0,0,0,0,0,0,0,0,0,0,73,0,0,0,0,0,0,0,0,0,0,0,0,0,0,0,0,400,7,0,74,0,0,0,0,0,0,0,0,0,0,0,0,1430,7,20,0,0,0,12,12,3,0,0,0,10,0,30,0,11,27,0,347,0,0,3,3,21,703,12,0,175,13,7,7,11,8,0,1,2,21,5,0,0,6,2,
Algeria,,,,,,,,,,,12,0,0,0,0,0,0,0,0,0,0,0,0,0,0,0,0,3000,0,0,0,0,0,0,0,0,0,0,0,0,0,0,0,0,0,0,276,0,0,0,0,0,25,0,1250,0,0,0,0,0,57,0,0,0,0,2,57,30,0,76,0,0,0,21,11,0,0,0,0,0,2630,43,37,0,54,56,0,1,0,22,0,0,21,37,233,0,4,4,0,34,48,921,48,2370,22,22,5,90,93,48,0,10,69,0,6,12,0,0,6,8,0,103,
Ecuador,,,,,,,,,,,,,,,,,,,,,,,,,40,0,0,0,0,0,0,190,0,0,0,0,0,0,0,0,0,0,200,0,0,0,0,0,0,6000,50,0,0,71,0,0,0,0,0,0,0,0,0,0,0,0,50,0,0,0,49,20,0,25,0,0,81,0,0,0,8,0,307,100,0,0,0,5100,0,35,4,0,22,460,0,3,27,245,3,0,78,58,91,0,0,0,21,0,41,3,14,7,34,24,3,12,682,0,0,16,0,6,
Egypt,,,,,,,,,,,,,,,,,,,,,,,,,,,12,0,0,0,0,0,0,0,0,0,0,0,0,0,0,0,0,0,0,0,0,0,0,0,0,0,0,0,0,20,0,0,0,0,0,0,0,0,0,0,0,0,0,2,0,0,0,0,0,15,0,0,0,53,0,0,0,0,0,0,0,30,0,0,0,1,552,34,600,49,34,22,0,0,3,0,18,0,13,0,0,0,98,0,58,0,0,0,0,141,26,0,0,0,40,3,0
Eritrea,,,,,,,,,,,,,,,,,,,,,,,,,,,,,,,,,,,,,,,,,,,,,,,,,,,,,,,,,,,,,,,,,,,,,,,,,,,,,,,,,,,,,,,,,,,,,,3,0,0,0,0,0,0,0,0,0,0,0,0,0,0,0,0,0,0,0,0,0,0,0,0,0,0,,,
Spain,,,,,,,,,,,,,0,0,0,0,0,0,0,0,0,0,0,0,0,0,0,0,0,0,0,0,0,0,0,0,0,0,0,0,0,20,0,0,0,0,0,0,0,0,0,0,0,50,0,0,11,77,0,0,0,0,445,0,0,0,0,0,0,0,0,400,0,519,0,0,0,0,2,20,0,0,77,45,26,40,0,5,0,45,9,0,0,0,42,30,85,26,0,6,38,10,6,15.1k,29,20,25,6,0,20,5,11,14,0,3,8,5,4,24,27,17,4,
Estonia,,,,,,,,,,,,,,,,,,,,,,,,,,,,,,,,,,,,,,,,,,,,,,,,,,,,,,,,,,,,,,,,,,,,,,,,,,,,,,,,,,,,,,,,,,,,,,,0,0,0,0,0,0,0,0,0,0,0,3,0,0,0,0,0,0,1,0,0,0,0,0,7,,,,
Ethiopia,,,,,,,,,,,,,,,,,,,,,,,,,,,,,,,,,,,,,,,,,,,,,,,,,,,,,,,,,,,,,,30,0,0,0,2000,0,0,1,24,0,0,0,100k,0,0,0,71,9,0,0,0,0,300k,0,9,0,367,45,0,0,13,0,2,26,27,40,326,0,48,73,5,22,119,0,211,951,22,45,0,19,0,0,0,0,0,128,0,44,23,34,0,
Finland,,,,,,,,,,,,,,,,,,,,,,,,,,,,,,,,,,,,,,,,,,,,,,,,,,,,,,,,,,0,0,0,0,0,0,0,0,0,0,0,0,0,0,0,0,0,0,0,0,0,0,0,0,0,0,0,0,0,0,0,0,0,0,0,0,0,0,0,0,0,0,0,0,0,0,0,0,0,,,,,,,,,,,,,,,,,
Fiji,,,,,,,,,,,,,,,,,,,,,,,,,,,,,,,,200,0,0,0,0,0,0,0,0,0,6,0,0,0,0,0,0,0,0,0,0,23,0,0,0,0,0,0,0,0,0,0,0,1,2,0,0,0,0,0,0,3,59,0,0,0,0,0,53,18,0,0,9,0,32,20,1,0,10,0,0,1,21,0,0,0,25,0,12,4,1,0,17,16,0,4,7,7,14,2,0,17,0,0,0,47,0,7,1,8,6,
France,,,,0,0,0,0,0,0,46,0,0,0,0,0,0,0,0,0,0,0,0,0,0,0,0,28,0,0,0,40,0,30,0,0,0,0,0,0,0,0,0,0,0,0,0,0,0,0,80,0,0,0,0,0,0,0,0,35,0,0,21,0,0,0,0,0,6,0,23,114,0,0,0,0,0,0,26,3,11,6,0,30,55,4,6,5,27,10,9,62,20,51,16,13,16,5,23,15,146,11,17,28,19.5k,11,13,1390,5,7,16,81,6,12,4,22,3300,5,3,23,1450,1940,2,
"Micronesia, Fed. Sts.",,,,,,,,,,,,,,,,,,,,,,,,,,,,,,,,,,,,,,,,,,,,,,,,,,,,,,,,,,,,,,,,,,,,,,,,,,,,,,,,,,,,,,,,5,0,0,0,0,0,0,0,0,0,0,0,0,0,0,47,0,1,0,0,0,0,0,0,0,0,0,0,5,0,0,0,0,,,
Gabon,,,,,,,,,,,,,,,,,,,,,,,,,,,,,,,,,,,,,,,,,,,,,,,,,,,,,,,,,,,,,,,,,,,,,,,,,,,,,,,,,,,,,,,,,0,0,0,0,0,0,0,0,0,0,0,0,0,0,0,0,0,0,0,0,0,0,0,0,1,0,0,0,0,,,,,,
United Kingdom,,,,,,,0,0,0,0,0,0,0,0,0,0,0,0,0,0,0,0,0,0,0,0,0,0,0,0,0,0,0,0,0,0,0,0,0,0,0,0,0,0,0,0,0,0,0,0,0,0,4030,0,0,0,0,0,0,0,0,0,0,0,0,0,140,0,20,0,0,0,0,0,0,0,0,6,0,0,0,12,0,5,22,0,0,20,0,13,83,48,0,4,7,9,5,15,40,11,16,0,15,301,0,11,0,27,8,8,0,0,8,773,5,3,0,0,0,6,2560,1,
Georgia,,,,,,,,,,,,,,,,,,,,,,,,,,,,,,,,,,,,,,,,,,,,,,,,,,,,,,,,,,,,,,,,,,,,,,,,,,,,,,,,,,,,,,,,,,,0,8,1,0,0,1,0,7,0,0,0,0,6,0,1,0,0,0,0,0,0,7,5,0,0,40,0,0,0,0,0,0,
Ghana,,,,,,,,,,,,,,,,,,,,,,,,,,,,,,,,,,,,,,,,22,0,0,0,0,0,0,0,0,0,0,0,0,0,0,0,0,0,0,0,0,0,0,0,0,0,0,0,0,0,0,0,0,0,0,0,0,0,0,0,0,0,0,0,0,0,4,0,0,0,7,0,5,0,0,0,145,0,0,0,52,0,12,4,0,0,0,0,56,0,40,63,20,0,5,0,25,10,20,34,32,7,9,0
Guinea,,,,,,,,,,,,,,,,,,,,,,,,,,,,,,,,,,,,,,,,,,,,,,,,,,,,,,,,,,,,,,,,,,,,,,,,,,,,,,,,,0,0,0,275,0,0,0,0,0,0,0,0,0,0,0,0,0,0,12,0,4,9,0,0,0,0,0,0,0,2,8,0,0,0,0,16,0,0,0,0,0,5,
Gambia,,,,,,,,,,,0,0,0,0,0,0,0,0,0,0,0,0,0,0,0,0,0,0,0,0,0,0,0,0,0,0,0,0,0,0,0,0,0,0,0,0,0,0,0,0,0,0,0,0,0,0,0,0,0,0,0,0,0,0,0,0,0,0,0,0,0,0,0,0,0,0,0,0,0,0,0,0,0,0,0,0,0,0,0,0,0,0,0,0,0,0,0,0,0,53,0,1,0,3,2,0,0,0,0,5,9,0,0,2,0,0,0,6,0,4,0,10,
Guinea-Bissau,,,,,,,,,,,0,0,0,0,0,0,0,0,0,0,0,0,0,0,0,0,0,0,0,0,0,0,0,0,0,0,0,0,0,0,0,0,0,0,0,0,0,0,0,0,0,0,0,0,0,0,0,0,0,0,0,0,0,0,0,0,0,0,0,0,0,0,0,0,0,0,0,0,0,0,0,0,0,0,0,0,0,1,0,0,0,0,0,0,0,0,0,0,3,0,0,0,0,0,3,0,0,0,0,0,2,0,0,0,0,0,0,0,3,0,0,0,
Equatorial Guinea,,,,,,,,,,,,,,,,,,,,,,,,,,,,,,,,,,,,,,,,,,,,,,,,,,,,,,,,,,,,,,,,,,,,,,,,,,,,,,,,,,,,,,,,0,0,0,0,0,0,0,0,0,0,0,0,0,0,0,0,0,0,0,0,0,0,0,0,0,0,0,0,0,0,0,0,0,0,0,
Greece,,,,,4,0,0,0,0,0,0,0,0,0,14,0,0,0,0,0,0,0,0,0,0,0,0,0,103,0,22,0,151,0,0,0,0,0,0,0,0,0,0,0,0,0,0,3,2,0,0,0,0,476,56,8,53,0,0,0,0,43,0,0,0,70,2,9,19,0,0,0,0,0,0,0,0,27,50,15,1,24,0,12,0,23,20,1050,56,0,4,5,0,1,14,52,0,9,17,143,37,11,2,0,0,0,4,86,2,0,1,0,6,0,3,3,4,26,100,7,10,3,
Grenada,,,,,,,,,,,,,,,,,,,,,,,,,,,,,,,,,,,,,,,,,,,,,,,,,,,,,,,,,,,,,,,,6,0,0,0,0,0,0,0,0,0,0,0,0,0,0,0,0,0,0,0,0,0,0,0,0,0,0,0,0,0,0,0,0,0,0,0,0,0,0,0,0,39,0,0,0,0,0,0,,,,,,,,,,,,
Guatemala,,,9000,0,0,0,0,0,0,0,0,0,0,0,0,0,0,2650,0,0,0,0,0,0,0,0,0,0,0,0,0,0,0,0,0,0,0,0,0,0,0,0,0,0,0,0,0,0,0,40k,0,0,0,0,0,0,0,0,0,0,0,0,0,0,0,0,0,0,0,269,0,0,0,5,0,0,23k,0,0,0,0,0,620,0,0,0,0,84,5,10,0,37,0,0,10,31,0,0,435,14,36,55,70,22,0,1580,6,11,74,36,227,83,44,1,6,358,10,20,463,4,167,2,
Guyana,,,,,,,,,,,,,,,,,,,,,,,,,,,,,,,,,,,,,,,,,,,,,,,,,,,,,,,,,,,,,,,,,,,,,,,,0,0,0,0,0,0,0,0,0,0,0,0,0,0,0,0,0,0,0,0,0,0,0,0,0,0,0,0,0,0,0,0,0,0,34,0,0,0,0,0,0,0,0,0,0,0,0,0,0,0,0,
"Hong Kong, China",,,,,,,10k,0,0,0,0,0,0,0,0,0,0,0,0,0,0,0,0,100,0,0,0,0,0,0,0,0,0,0,0,0,0,11k,0,0,0,0,0,0,0,0,0,2000,0,0,0,0,0,0,0,0,0,8,0,43,60,7,183,0,70,5,144,0,22,0,0,115,238,1,1,3,38,1,11,13,2,0,31,23,0,2,5,10,0,12,0,22,7,8,1,0,0,81,0,2,0,0,0,4,0,0,0,0,2,0,1,0,0,0,0,0,0,0,0,0,0,2,
Honduras,,,,,,,,,,,,,,,,,,,,,,,,,,,,,,,,1500,0,0,0,0,0,0,0,0,0,0,0,0,0,0,0,0,0,0,0,0,0,0,0,0,0,0,0,0,0,275,0,0,0,0,0,0,0,0,0,0,0,2800,8000,0,20,0,0,1,0,0,130,0,0,0,0,0,19,10,5,0,0,413,151,32,8,0,14.6k,34,0,21,11,10,0,61,4,7,67,7,144,33,0,0,4,0,7,21,6,0,132,0,
Croatia,,,,,,,,,,,,,,,,,,,,,,,,,,,,,,,,,,,,,,,,,,,,,,,,,,,,,,,,,,,,,,,,,,,,,,,,,,,,,,,,,,,,,,,,,,,,,0,0,0,0,0,0,0,0,41,0,0,788,0,7,0,12,0,0,0,0,7,0,3,0,0,0,0,1,9,0,
Haiti,,,,,,,,,,150,0,0,0,0,0,1600,0,0,0,0,0,0,0,0,0,0,0,0,0,0,0,0,0,0,0,2150,0,0,0,0,0,0,0,0,0,0,0,0,0,0,0,0,6,0,672,0,0,0,0,50,0,0,26,5500,100,0,480,0,0,0,0,0,78,0,0,0,0,0,0,8,220,0,0,0,0,0,148,33,81,0,0,0,0,13,1120,0,84,0,190,13,16,26,35,88,5420,88,16,163,698,21,223k,39,130,6,12,11,599,35,17,14,39,2580,
Hungary,,,,,,,,,,,,,,,,,,,,,,,,,,,,,,,,,,,,,,,,,,0,0,0,0,0,0,0,0,0,0,0,0,0,0,0,0,0,0,0,0,0,0,0,0,0,0,0,0,0,300,0,0,0,0,0,0,0,0,0,0,0,0,0,4,0,0,0,0,0,0,0,0,0,0,0,0,0,0,48,1,81,0,7,0,52,5,500,17,0,1,0,16,0,0,0,0,0,179,0,,,
Indonesia,,,,,,,,,,0,0,0,0,138,20,0,0,15k,0,5000,0,0,0,0,787,0,0,50,128,0,1370,1300,6,0,0,0,26,0,0,0,0,0,0,213,0,0,0,0,0,0,16,1300,0,114,37,405,300,0,8,0,0,0,0,1690,0,71,9260,299,212,64,82,1,0,1650,10,0,1350,210,133,1080,253,1010,603,41,258,52,259,459,229,144,230,230,2630,134,609,239,285,933,41,106,539,587,273,534,166k,1240,7420,576,144,1490,1290,129,107,173,243,84,270,99,5310,469,210,483,0
India,1.25M,0,0,0,0,20k,0,0,0,0,0,0,0,0,0,0,300,0,0,0,0,0,0,0,1240,80,0,685,36,0,0,0,0,0,0,60.1k,233,0,0,0,0,0,1.54M,5000,304,0,0,0,500,1000,1740,0,750,480,30,2120,290,187,708,621,237,3460,173,512,732,1.5M,80,1480,7460,815,1050,11k,230,261,280,898,270,14.8k,5640,1520,2860,1660,2080,1630,1570,2160,800,1880,3510,1920,2360,2640,1250,11.3k,2400,2930,2880,2480,8620,11.2k,2570,21k,2810,2250,17.7k,4290,1430,2240,1810,1990,1240,1040,599,7120,1070,3400,1130,2350,1400,2310,2320,1930,0
Ireland,,,,,,,,,,,,,,,,,,,,,,,,,,,,,,,,,,,,,,,,,,,,0,0,0,0,0,0,0,0,0,0,0,0,0,0,0,0,0,0,0,0,0,0,0,0,0,0,0,0,0,0,0,0,0,0,0,0,0,0,0,0,10,0,0,11,0,0,0,2,0,0,3,0,0,2,0,2,8,1,0,0,0,0,0,0,0,0,0,0,2,0,0,1,1,0,0,2,0,0,,
Iran,,,,350,0,0,0,0,0,5000,0,700,0,0,0,0,0,0,0,0,0,0,0,2650,0,500,0,0,0,3250,1360,0,1070,0,0,750,12,0,0,0,0,730,0,0,20,20,0,400,200,0,72,225,0,1870,2000,0,1350,5670,191,0,480,60,12k,0,0,20,42,0,10.8k,70,219,0,5120,0,0,14,16,1110,25k,565,306,3460,0,33,0,1,266,867,91,100,40k,78,68,805,53,27,58,2780,211,102,14,476,291,26.8k,75,734,77,24,56,0,11,0,319,45,38,52,4,509,11,83,52,26,6
Iraq,,,,,,,,,,,,,,,,,,,,,,,,,,,,,,,,,,,,,,,,,,,,,,,,,,,,,,,0,0,0,0,0,0,0,0,0,0,0,0,0,0,0,0,0,0,0,0,0,0,0,0,0,0,0,0,0,0,0,0,0,0,0,0,0,20,0,0,0,0,0,0,0,0,0,0,0,0,0,0,20,0,4,2,0,6,4,11,0,58,0,10,21,10,8,16,
Iceland,,,,,,,,,,,,,,,,,,,,,,,,,,,,,,,,,,,,,,,,,,,,,,,,,,,,,,,,,,,,,,,,,,,,,,,,,,0,12,0,1,0,0,0,0,0,0,4,0,0,0,0,0,0,0,0,0,0,0,34,0,0,0,0,0,0,0,0,0,0,0,0,0,0,0,,,,,,,,,,,,
Israel,,,,20,0,0,0,0,0,0,0,0,0,0,0,0,0,0,0,0,0,0,0,0,0,0,0,0,0,0,0,0,0,0,0,0,0,0,0,0,0,0,0,0,0,0,0,0,0,0,0,0,0,0,0,0,0,0,0,0,0,0,0,0,0,0,0,0,0,0,20,0,0,0,0,0,0,0,0,0,0,0,0,0,0,0,0,0,0,0,0,5,0,0,0,0,0,15,0,0,3,0,0,0,0,0,0,0,0,0,46,0,0,4,0,0,0,0,12,0,7,,
Italy,,,,,,557,700,0,75k,0,0,0,0,0,120,30k,0,0,0,0,1400,0,100,0,0,0,0,0,0,0,1900,0,0,10,0,0,0,0,0,10,0,0,0,0,26,0,0,0,105,0,0,163,0,100,297,0,0,0,0,0,12,0,16,1920,0,92,70,0,296,0,72,22,3,38,0,12,945,23,6,14,4690,12,0,7,4,329,2,90,0,0,27,0,2,8,72,0,17,36,170,1,46,2,34,20.1k,2,9,5,17,9,335,3,29,73,18,15,9,299,44,23,5,19,1,
Jamaica,300,0,0,65,0,0,0,1200,0,53,0,0,142,0,0,0,0,57,0,0,0,0,0,4,0,0,0,0,0,0,0,0,0,63,0,0,0,151,0,0,125,0,0,0,32,0,0,0,0,0,0,154,0,0,0,0,0,0,0,0,0,0,0,11,0,0,0,0,0,0,0,0,0,6,0,0,0,0,0,44,6,0,0,0,0,7,54,9,49,0,0,15,0,9,4,0,0,0,0,0,0,1,13,0,16,6,1,5,13,0,15,0,1,0,0,0,0,0,,,,,
Jordan,,,,,,,,,,,,,,,,,,,,,,,,,,,,268,0,0,0,0,0,0,0,0,0,0,0,0,0,0,0,0,0,0,0,0,0,0,0,0,0,0,0,0,0,0,0,0,0,0,0,25,0,8,259,0,0,0,0,0,0,0,0,0,0,0,0,0,0,0,0,0,0,0,0,9,0,0,0,10,15,0,0,0,0,2,0,0,9,0,5,0,0,0,0,0,0,0,0,0,0,0,0,0,0,0,34,,,,
Japan,30,18,125,0,0,52,0,0,0,41,1380,12,1000,0,234,0,0,4000,0,0,0,0,27,146k,0,395,144,3020,0,0,259,0,0,3000,3010,0,0,0,933,27,0,0,0,2390,1220,6500,2000,3930,6000,617,636,1250,238,4250,2250,343,130,1100,1950,5310,179,663,71,133,311,289,358,779,171,72,0,135,588,101,331,98,169,40,67,94,29,203,673,465,34,49,64,10,27,43,67,144,11,438,10,5300,20,28,57,86,32,25,7,46,271,136,62,87,76,77,180,20k,173,400,301,71,101,49,435,288,84,72,
Kazakhstan,,,,,,,,,,,,450,0,0,0,0,0,0,0,0,0,0,0,0,0,0,0,0,0,0,0,0,0,0,0,0,0,0,0,0,0,0,0,0,0,0,0,0,0,0,0,0,0,0,0,0,0,0,0,0,0,0,0,0,0,0,0,0,0,0,0,0,0,0,0,0,0,0,0,0,0,0,0,0,0,0,0,0,0,0,0,0,0,10,0,112,0,0,0,0,0,3,0,3,48,0,0,0,1,0,44,2,0,0,5,2,0,0,0,0,0,0,
Kenya,,,,,,,,,,,,,,,,,,,,,,,,,,,,,,,,,,,,,,,,,,,,,,,,,,,,,,,,,,,,,,,,,0,0,0,0,0,0,0,0,0,0,0,0,0,100,0,0,0,0,75,0,0,0,0,0,50,0,44,0,0,0,0,0,0,86,40,85,0,4,101,40,135,53,212,39,69,56,204,33,73,128,0,138,42,26,134,187,285,11,
Kyrgyz Republic,,,,,,,,,,,,,,,,,,,,,,,,,,,,,,,,,,,,,,,,,,,,,,,,,,,,,,,,,,,,,,,,,,,,,,,,,,,,,,,,,,,,,,,,,,,,,58,0,162,0,0,0,1,0,11,0,0,38,49,3,4,0,74,0,0,0,16,0,0,0,0,24,0,0,0,15,
Cambodia,,,,,,,,,,,,,,,,,,,,,,,,,,,,,,,,,,,,,,,,,,,,,,,,,,,,,,,,,,,,,,,,,,,,,,,,,,,0,0,0,0,0,0,0,0,0,0,0,0,0,0,0,0,0,100,0,0,506,0,59,25,0,7,347,56,29,0,0,16,5,2,0,19,8,247,14,200,45,0,0,0,0,12,38,1,
Kiribati,,,,,,,,,,,,,,,,,,,,,,,,,,,,,,,,,,,,,,,,,,,,,,,,,,,,,,,,,,,,,,,,,,,,,,,,,3,0,0,0,0,0,0,0,0,0,0,0,0,0,0,0,0,0,0,0,0,0,0,0,0,0,0,0,0,0,0,0,0,0,0,0,0,0,0,0,0,0,0,0,0,0,0,,,,
St. Kitts and Nevis,,,,,,,,,,,,,,,,,,,,,,,,,,,,,0,0,0,0,0,0,0,0,0,0,0,0,0,0,0,0,0,0,0,0,0,0,0,0,0,0,0,0,0,0,0,0,0,0,0,0,0,0,0,0,0,0,0,0,0,0,0,0,0,0,0,0,0,0,0,0,0,0,0,0,0,1,0,0,0,0,0,0,0,0,5,0,0,0,0,0,0,0,0,0,0,0,0,0,0,0,0,0,0,0,,,,,
South Korea,,,,,,,,,,,,,,,,,,,,,,,,,,,,,,,,,,,,,1100,0,0,0,0,0,0,0,0,0,0,0,0,0,0,0,0,0,0,0,103,485,0,494,0,249,290,116,210,323,95,0,18,493,67,109,747,0,0,0,25,315,27,115,165,113,68,0,213,57,33,669,25,109,194,126,5,43,28,73,104,15,503,68,55,81,225,130,24,29,46,23,10,0,12,121,22,0,41,0,15,0,0,21,81,,
Kuwait,,,,,,,,,,,,,,,,,,,,,,,,,,,,,,,,,,,,,,,,,,,,,,,,,,,,,,,,,,,,,,,,,,,,,,,,,,,,,,,,,,,,,,,,,,,,,,,,,,2,0,0,0,0,0,0,0,0,0,0,0,0,0,0,0,0,0,0,0,0,1,,,,
Lao,,,,,,,,,,,,,,,,,,,,,,,,,,,,,,,,,,,,,,,,,,,,,,,,,,,,,,,,,,,,,,,,,,,300,0,2,0,0,14,0,0,0,0,0,0,31,0,0,0,0,0,14,0,0,0,0,0,0,0,32,8,0,26,30,0,0,0,15,0,2,0,0,0,0,0,6,26,0,48,0,23,0,4,5,0,136,19,2,0,
Lebanon,,,,,,,,,,,,,,,,,,,,,,,,,,,,,,,,,,,,,,,,,,,,,,,,,,,,,,,,440,136,0,0,0,0,0,0,0,0,0,0,0,0,0,0,0,0,0,0,0,0,0,0,0,0,0,0,20,0,0,0,0,0,0,0,0,25,0,0,0,0,0,0,0,0,0,0,0,0,0,0,1,0,0,0,0,0,0,0,5,0,0,15,3,0,0,
Liberia,,,,,,,,,,,,,,,,,,,,,,,,,,,,,,,,,,,,,,,,,,,,,,,,,,,,,,,,,,,,,,,,,,,,,,,,,,,,,,0,0,0,0,0,46,0,0,0,0,0,0,0,0,0,0,0,0,0,0,0,10,0,0,0,0,0,0,0,0,1,0,2,1,0,0,0,0,0,0,0,0,0,0,0,
Libya,,,,,,,,,,,,,,,,,,,,,,,,,,,,,,,,,,,,,,,,,,,,,0,0,0,0,0,0,0,0,0,0,0,0,0,0,0,0,0,0,0,300,0,0,0,0,0,0,0,0,0,0,0,0,0,0,0,0,0,0,0,0,0,0,0,0,0,0,0,0,0,0,0,0,0,0,0,0,0,0,0,0,0,0,0,0,0,0,0,0,0,16,0,0,0,0,0,4,0,0,
St. Lucia,,,,,,,,,,,,,,,,,,,,,,,,,,,,,,,,,,,,,,,,,,,,,,,,,,,,,,,,,,,,,0,0,0,10,0,0,0,0,0,0,0,0,0,0,0,0,0,0,0,0,9,0,0,0,0,0,0,0,0,0,0,0,0,0,4,0,0,0,0,0,0,0,0,0,0,0,0,1,0,0,14,0,0,6,0,0,0,0,0,0,0,1,
Sri Lanka,,,,,,,,,,,,,,,,,,,,,,,,,,,,,,,,,,,,,,,,,,,,,,,,,,,,,,,,,,200,0,0,0,0,0,0,206,0,23,24,0,62,0,0,0,0,27,0,0,27,750,0,0,7,54,3,51,0,43,0,0,325,33,27,15,73,0,3,0,10,3,6,10,0,2,235,35.4k,6,25,33,57,3,35,87,53,117,336,10,203,329,34,30,10,35,
Lesotho,,,,,,,,,,,,,,,,,,,,,,,,,,,,,,,,,,,,,,,,,,,,,,,,,,,,,,,,,,,,,,,,,,,,,0,0,0,0,0,0,0,0,0,0,0,0,0,0,0,0,0,0,0,18,0,0,22,0,0,0,0,0,0,0,0,0,0,1,0,0,0,0,0,0,0,0,0,26,0,0,0,0,0,0,0,0,0,0,
Lithuania,,,,,,,,,,,,,,,,,,,,,,,,,,,,,,,,,,,,,,,,,,,,,,,,,,,,,,,,,,,,,,,,,,,,,,,,,,,,,,,,,,,,,,,,,,,,,0,6,0,0,0,0,0,34,0,20,0,0,0,0,0,0,0,0,9,0,30,0,0,0,0,0,5,,,,
Luxembourg,,,,,,,,,,,,,,,,,,,,,,,,,,,,,,,,,,,,,,,,,,,,,,,,,,,,,,,,,,,,,,,,,,,,,,,,,,,,,,,,,,,,0,0,0,0,0,0,0,0,0,0,0,0,0,0,0,0,0,0,0,0,170,0,0,0,0,0,0,0,0,0,0,0,0,0,0,0,0,0,0,
Latvia,,,,,,,,,,,,,,,,,,,,,,,,,,,,,,,,,,,,,,,,,,,,,,,,,,,,,,,,,,,,,,,,,,,,,,,,,,,,,,,,,,,,,,,,,,,,,,,,,,,,6,0,21,0,15,0,40,0,0,0,0,0,0,10,0,0,0,0,0,0,,,,
Morocco,,,,,,,,,,100,0,0,0,0,0,0,0,0,0,0,0,0,0,0,0,0,0,0,0,0,0,0,0,0,0,0,0,0,0,0,0,0,0,0,0,0,0,0,0,0,0,131,0,0,30,0,0,0,0,0,12k,0,0,169,76,75,0,0,0,11,11,0,0,0,0,10,0,0,0,16,0,0,1,0,0,0,0,0,31,0,0,0,0,0,0,791,39,60,0,0,6,15,80,35,628,1,17,0,39,29,42,0,0,0,60,0,0,0,0,39,0,24,0
Moldova,,,,,,,,,,,,,,,,,,,,,,,,,,,,,,,,,,,,,,,,,,,,,,,,,,,,,,,,,,,,,,,,,,,,,,,,,,,,,,,,,,,,,,,,,,,,,,,50,0,0,9,0,0,2,0,1,0,0,13,0,0,3,0,1,0,10,0,0,0,0,0,0,0,,,
Madagascar,,,,,,,,,,,,,,,,,,,,,,,,,,,,,,,,,,,,,,,,,,,,,,,,,,,,,,,,,,,,,,,,,0,0,0,0,29,81,70,0,91,0,0,7,16,10,70,0,0,107,92,42,68,0,99,0,200,46,0,36,0,0,212,0,9,174,0,0,153,0,23,105,395,107,4,91,105,27,120,35,112,51,17,121,0,81,94,17,44,2,58
Maldives,,,,,,,,,,,,,,,,,,,,,,,,,,,,,,,,,,,,,,,,,,,,,,,,,,,,,,,,,,,,,,,,,,,,,,,,,,,,,,,0,0,0,0,0,0,0,0,0,0,0,0,0,0,0,0,0,0,0,0,0,0,0,0,0,0,102,0,0,0,0,0,0,0,0,0,0,0,0,0,0,0,0,0,
Mexico,,,,,,,,,,0,0,45,0,0,0,0,0,0,0,0,648,0,0,0,0,0,0,0,0,60,0,0,400,0,0,0,0,34,0,0,0,0,0,0,0,0,0,0,0,1000,0,50,140,0,100,800,0,160,0,2990,0,436,50,0,45,27,14,111,73,76,35,17,37,686,13,29,720,10,15,5,171,103,369,325,4,9500,20,18,311,43,463,36,83,103,0,283,16,567,849,724,236,26,103,70,52,88,41,58,36,32,182,125,21,223,22,42,90,498,40,16,82,71,
North Macedonia,,,,,,,,,,,,,,,,,,,,,,,,,,,,,,,,,,,,,,,,,,,,,,,,,,,,,,,,,,,,,,,,,,,,,,,,,,,,,,,,,,,,,,,,,,,,,,0,0,0,0,0,0,0,0,15,0,2,15,1,0,1,0,0,0,0,1,1,0,7,22,3,0,0,0,1,
Mali,,,,,,,,,,,0,0,0,0,0,0,0,0,0,0,0,0,0,0,0,0,0,0,0,0,0,0,0,0,0,0,0,0,0,0,0,0,0,0,0,0,0,0,0,0,0,0,0,0,0,0,0,0,0,0,0,0,0,0,0,0,0,0,0,0,0,0,0,0,0,0,0,0,0,0,0,0,0,0,0,0,0,0,17,1,0,0,0,0,0,0,0,0,3,2,15,2,2,0,0,0,1,18,0,25,0,1,0,37,0,5,13,0,0,15,0,0,
Malta,,,,,,,,,,,,,,,,,,,,,,,,,,,,,,,,,,,,,,,,,,,,,,,,,,,,,,,,,,,,,,,,,,,,,,,,,,,,,,,,,,,,,,,,,,,,0,0,0,0,0,0,0,0,0,0,0,0,0,0,0,0,0,0,0,0,0,0,0,,,,,,,,,
Myanmar,,,600,0,0,0,0,0,0,0,0,0,0,0,0,0,0,0,0,0,0,0,0,6,0,0,2700,0,0,0,586,0,0,0,0,0,1000,0,0,0,0,15,0,0,0,0,0,0,0,0,0,0,0,0,0,0,0,0,0,0,0,0,0,0,0,134,0,278,1070,0,90,0,0,0,0,200,0,3,0,0,0,8,11,0,0,0,0,0,0,0,0,23,5,0,17,51,0,68,0,22,0,51,21,0,307,17,59,5,138k,24,113,225,40,23,0,213,97,3,67,128,174,0,
Montenegro,,,,,,,,,,,,,,,,,,,,,,,,,,,,,,,,,,,,,,,,,,,,,,,,,,,,,,,,,,,,,,,,,,,,,,,,,,,,,,,,,,,,,,,,,,,,,,,,,,,,,,,,,,,,0,0,0,0,0,1,0,0,0,0,0,,,,,
Mongolia,,,,,,,,,,,,,,,,,,,,,,,,,,,,,,,,,,,,,,,,,,,,,,,,,,,,,,,,,,1200,0,0,0,0,0,0,0,0,57,0,0,0,0,0,0,0,0,0,0,0,0,0,0,0,0,0,0,0,0,0,0,0,36,6,0,7,5,0,66,0,0,0,23,16,3,15,0,0,0,0,52,31,0,0,0,0,0,0,0,17,0,12,10,12,
Mozambique,,,,,,,,,,,,,,,,,,,,,,,,,,,,,,,,,,,,,,,,,,,,,,,,,,,,,,,,,107,0,0,0,0,0,0,0,0,0,0,0,0,0,0,500,0,0,0,1,0,303,44,0,0,100k,0,0,109,8,0,50,100,2,0,0,0,0,240,0,11,35,87,23,832,88,3,58,0,16,4,64,83,0,5,23,33,119,22,160,75,7,28,704,24,11,25
Mauritania,,,,,,,,,,,0,0,0,0,0,0,0,0,0,0,0,0,0,0,0,0,0,0,0,0,0,0,0,0,0,0,0,0,0,0,0,0,0,0,0,0,0,0,0,0,0,0,0,0,0,0,0,0,0,0,0,0,0,0,0,0,0,0,0,0,0,0,0,0,0,0,0,0,0,0,0,0,0,0,0,0,0,0,0,0,0,4,0,0,0,0,0,0,0,1,0,0,25,9,0,0,7,3,0,1,0,0,0,8,0,0,0,18,0,3,9,0,
Mauritius,,,,,,,,,,,,,,,,,,,,,,,,,,,,,,,,,,,,,,,,,,,,,,,,,,,,,,,,,,,,,42,0,0,0,0,0,0,0,0,0,0,0,2,0,0,9,0,0,0,5,0,0,0,1,0,0,0,0,0,1,0,0,0,0,2,0,3,0,0,0,0,0,3,0,0,0,0,2,0,0,0,0,0,11,0,0,0,0,0,,,,
Malawi,,,,,,,,,,,,,,,,,,,,,,,,,,,,,,,,,,,,,,,,,,,,,,,,,,,,,,,,,,,,,,,,,,0,0,0,0,0,0,0,0,0,0,0,0,0,0,0,0,0,0,0,0,0,0,0,0,22,0,472,0,0,0,1,0,0,4,0,0,59,509,12,0,12,8,2,0,4,0,4,4,3,0,283,12,0,5,68,1,13,53
Malaysia,,,,,,,,,,,,,,,,,,,,,,,,,,,,,,,,,,,,,,,,,,,,,,,,,,,,,,,,,,,,,,,,,,6,0,50,21,0,61,0,0,0,0,0,0,0,0,0,0,0,0,10,0,0,11,3,27,0,0,0,0,102,0,20,320,2,0,1,12,11,12,8,97,13,6,46,0,0,0,18,0,4,17,25,0,9,2,2,0,71,
Namibia,,,,,,,,,,,,,,,,,,,,,,,,,,,,,,,,,,,,,,,,,,,,,,,,,,,,,,,,,,,,,,,,,,,,,,,,,,,,,,,,,,0,0,0,0,0,0,0,0,0,0,0,0,0,0,0,0,0,0,0,0,0,0,2,0,0,5,7,42,92,8,108,0,0,0,0,0,0,0,0,0,0,
Niger,,,,0,0,0,0,0,0,0,85k,0,0,0,0,0,0,0,0,0,0,0,0,0,0,0,0,0,0,0,0,0,0,0,0,0,0,0,0,0,0,0,0,0,0,0,0,0,0,0,0,0,0,0,0,0,0,0,0,0,0,0,0,0,0,0,0,0,0,0,0,0,0,0,0,0,0,0,0,0,0,0,0,0,0,0,0,0,20,0,0,0,0,0,60,0,0,0,0,14,2,4,4,7,0,0,4,7,7,3,5,16,91,32,48,27,61,72,36,52,83,70,
Nigeria,,,,,,,,,,,,,,,,,,,,,,,,,,,,,,,,,,,,,,,,,,,,,,,,,,,,,,,,,,,,,,,,,,,,,,0,0,0,0,0,0,0,0,0,100,0,0,0,0,0,0,0,0,0,130,0,0,0,18,0,30,0,0,0,15,189,36,200,60,16,94,60,40,91,0,31,40,185,378,19,15,53,46,20,300,36,189,4,
Nicaragua,,,,,,,,,,,,,,,,,,,,,,,,,,,,,,,1000,1000,0,0,0,0,0,0,0,0,0,0,0,0,0,0,0,0,0,0,0,500,0,0,0,0,0,0,0,0,325,0,0,0,0,0,0,0,0,0,0,35,10k,0,0,0,16,0,0,0,0,0,71,0,0,0,0,0,130,0,4,0,180,37,0,38,44,0,3330,11,9,16,2,0,29,7,0,198,30,0,71,17,9,27,2,2,0,22,4,0,20,,
Netherlands,,,,,,,,,,,,,,,,,,0,0,0,0,0,0,0,0,0,0,0,0,0,0,0,0,0,0,0,0,0,0,0,0,0,0,0,0,0,0,0,0,0,0,0,0,2000,0,0,0,0,0,0,0,0,0,0,0,0,0,0,0,0,0,0,0,0,0,0,0,0,0,0,0,0,0,0,0,0,0,0,0,0,20,0,0,1,0,1,0,2,0,0,0,0,4,965,0,0,1000,7,0,0,0,0,1,2,0,0,0,0,3,400,400,0,
Norway,,,,,,,,,,,,,,,,,,,,,,,,,,,,,,,,,,,,,73,0,0,0,0,0,0,0,0,0,0,0,0,0,0,0,0,0,0,0,0,0,0,0,0,0,0,0,0,0,0,0,0,0,0,0,0,0,0,0,0,0,0,0,0,0,0,0,0,0,0,0,0,0,0,0,0,0,0,1,0,0,0,0,0,0,0,0,0,0,0,0,0,0,0,4,0,0,0,0,0,0,0,1,10,,
Nepal,,,,,,,,,,,,,,,,,,,,,,,,,,,,,,,,,,,,,,,,,,,,,,,,,,,,,,,60,0,0,0,0,0,0,0,0,150,0,0,80,0,276,0,371,0,105,0,0,125,150,0,130,0,100,750,92,207,200,46,23,188,912,49,30,57,56,1080,0,320,808,20,310,202,144,144,532,287,185,69,157,214,115,145,150,182,132,195,573,9030,174,198,65,147,448,251,
New Zealand,,,,,,,,,,,,,,,,,,,0,0,0,0,0,0,0,0,0,0,0,17,0,256,0,0,0,0,0,0,21,0,0,0,0,0,0,0,0,0,0,0,0,0,0,150,0,0,0,0,0,0,0,0,0,0,0,0,0,0,53,0,0,0,0,0,0,0,0,0,0,0,0,0,0,0,0,4,1,1,7,0,0,0,0,0,0,0,1,3,0,0,0,0,0,2,4,0,0,0,0,0,0,182,3,0,0,1,2,0,0,21,0,1,
Oman,,,,,,,,,,,,,,,,,,,,,,,,,,,,,,,,,,,,,,,,,,,,,,,,,,,,,,,,,,,,,,,,,,,,,,,,,,,,,,107,0,0,0,26,0,0,0,0,0,0,0,0,0,0,0,0,0,0,0,0,0,0,0,0,7,30,0,0,0,76,0,0,16,14,0,0,0,0,2,3,6,6,3,13,
Pakistan,,,,,,,,,,231,0,0,0,0,0,0,0,0,0,0,0,0,0,0,0,0,0,0,0,0,0,0,0,0,0,60k,0,0,0,0,0,0,0,0,0,4000,0,0,0,0,2900,0,0,111,346,12,270,75,0,148,0,0,0,0,450,10k,0,32,0,0,0,0,100,474,4700,14,338,848,393,83,93,394,68,158,43,5,11,0,282,20,40,872,1540,682,352,1060,187,362,1030,446,24,257,203,529,29,74.2k,513,911,249,102,2190,511,671,730,410,1890,409,215,240,361,630,54,22
Panama,,,,,,,,,,,,,,,,,,,,,,,,,,,,,,,,,,,,,,,,,,,,,,,,,,,,,,,,,,,,,,,,,1,0,20,0,0,0,48,0,0,7,0,0,0,0,19,0,0,0,0,0,1,0,2,0,30,0,0,42,12,0,0,1,0,0,3,1,1,0,5,2,16,3,11,2,28,0,15,0,6,0,9,0,7,7,0,0,94,1,
Peru,,,,,,,,,,,,,,150,34,0,0,0,0,0,0,0,0,0,0,0,0,0,0,0,0,0,0,0,0,0,0,0,0,37,179,5000,30,200,0,0,1400,233,0,0,213,0,0,9,0,0,0,0,28,0,63,0,2100,0,0,60,120,25,11,150,66.8k,850,12,500,398,0,0,21,2,13,77,158,535,623,7,150,118,268,118,38,294,89,0,86,85,20,21,818,45,115,33,186,82,361,101,5,0,677,40,577,497,109,288,69,554,30,7,200,2,78,30,23,0
Philippines,,,,,,240,0,0,0,0,0,1340,0,0,0,0,0,0,100,0,0,0,0,0,0,17,0,0,0,0,0,0,147,0,85,0,517,232,305,0,73,0,0,0,0,0,260,0,72,1000,84,1310,1010,0,13,544,129,89,0,29,703,0,197,1,636,392,18,107,353,11,3820,246,1090,363,297,39,6410,129,692,62,264,1550,596,158,2680,567,179,1090,842,521,3330,6790,180,671,418,1730,83,67,604,370,747,630,320,350,1920,39,2980,129,959,1310,376,1930,2390,7750,331,201,87,233,313,180,202,500,0
Palau,,,,,,,,,,,,,,,,,,,,,,,,,,,,,,,,,,,,,,,,,,,,,,,,,,,,,,,,,,,,,,,,,,,,,,,,,,,,,,,,,,,,,,,,,,,,,,,,,0,0,0,0,0,0,0,0,0,0,0,0,0,0,0,0,0,0,0,0,0,0,0,0,0,0,
Papua New Guinea,,,,,,,,,,,,,,,,,,,,,,,,,,,,,,,,,,,,,,506,0,0,0,0,0,0,0,0,0,0,0,0,0,6000,0,0,0,0,0,0,0,0,0,0,0,0,0,0,0,0,0,0,15,100,0,0,0,0,0,0,0,13,0,0,0,66,0,0,0,1,76,0,0,200,0,68,5,0,42,92,2180,2,2,0,41,13,0,2,16,172,10,19,0,0,65,0,0,24,0,0,181,12,42,,
Poland,,,,,,,,,,,,,,,,,,,,,,,,,,,,,82,0,0,0,0,0,0,0,0,0,0,0,0,0,0,0,0,0,0,0,0,0,0,0,0,0,0,0,0,0,0,0,0,0,0,0,0,0,0,0,0,0,0,0,0,0,0,0,0,0,0,0,0,0,0,0,0,0,0,0,0,0,0,0,35,0,1,0,0,105,73,157,84,297,192,0,0,193,0,19,84,307,219,26,274,29,78,78,23,6,9,4,3,4,
North Korea,,,,,,,,,,,,,,,,,,,,,,,,,,,,,,,,,,,,,,,,,,,,,,,,,,,,,,,,,,,,,,,,,,,,,,,,,,,,,,,,,,,,,,,,315,0,0,0,0,0,6,0,68,116,0,50,42,46,124,3,0,24,193,278,610,0,0,20,74,147,51,0,33,552,0,234,5,22,0,
Portugal,,,,,,,,,,30,0,0,0,0,0,0,0,0,0,0,0,0,0,0,0,0,0,0,0,0,0,0,0,0,0,0,0,0,0,0,0,120,0,0,0,0,0,0,0,0,0,0,0,0,0,0,0,0,0,0,0,0,0,0,0,0,25,462,0,2,0,0,0,11,0,0,0,0,0,23,0,30,0,19,0,14,15,0,0,0,0,0,0,0,0,0,10,29,0,0,4,6,1,2710,2,477,41,0,2,0,46,0,0,10,1,1,4,109,2,2,,,
Paraguay,,,,,,,,,,,,,,,,,,,,,,,,,,,,,,,,,,,,,,,,,,,,,,,,,,,,,,,,,,,,,,,,0,0,6,0,0,0,0,0,0,0,0,0,0,0,0,0,0,0,0,0,76,0,0,0,0,0,0,0,0,0,0,0,0,0,33,55,12,8,0,0,0,0,0,0,8,4,0,12,0,5,0,0,14,0,0,0,40,0,10,
Palestine,,,,,,,,,,,,,,,,,,,,,,,,,,,,,,,,,,,,,,,,,,,,,,,,,,,,,,,,,,,,,,,,,,,,,,,,,,,,,,,,,,,,0,0,0,0,0,0,0,0,0,0,0,0,0,0,0,0,0,0,0,0,0,0,0,0,0,0,0,0,0,0,6,0,4,0,0,0,0,3,,
Qatar,,,,,,,,,,,,,,,,,,,,,,,,,,,,,,,,,,,,,,,,,,,,,,,,,,,,,,,,,,,,,,,,,,,,,,,,,,,,,,,,,,,,,,,,,,,,,,,,,,,,,,,,,,,,,,0,0,0,0,0,0,0,0,0,0,,,,
Romania,,,,,,,,,0,0,0,0,0,0,0,0,0,0,0,0,0,0,0,0,0,0,1000,0,6,0,0,0,0,0,0,0,0,0,0,0,980,0,0,0,0,0,0,0,0,0,0,0,0,0,0,0,0,0,0,0,0,0,0,0,0,0,0,0,0,0,215,0,0,0,0,60,0,1640,0,0,0,0,0,0,0,0,0,0,0,0,9,108,0,3,2,2,16,32,111,34,29,17,19,3,49,163,77,80,48,22,78,0,86,9,17,1,3,9,2,4,3,1,
Russia,,,,,,,,,,,,,,,,,,,,,,,,,,,,,,,,,,,,,,,,,,,,,,,,,,,,,,,,,,,,,,,,,,,,,,,,,,,,,,,,,,,,,,,,,,,,0,31,478,111,2380,23,38,94,175,284,798,572,3,36,147,0,2,13,0,55.8k,1,415,4,6,31,0,16,10,59,0,14,
Rwanda,,,,,,,,,,,,,,,,,,,,,,,,,,,,,,,,,,,,,,,,,,,,,,,,,,,,,,,,,,,,,,,,,,,,,,,,,,,0,0,0,0,0,0,0,0,0,0,0,0,0,0,48,237,0,0,0,0,0,0,0,0,0,0,0,12,114,0,0,0,24,30,36,0,21,14,5,0,0,2,117,3,76,28,111,0,
Saudi Arabia,,,,,,,,,,,,,,,,,,,,,,,,,,,,,,,,,,,,,,,,,,,,,,,,,,,,,,,,,,,,,,,,,20,0,0,0,0,0,0,0,0,0,0,0,0,0,0,0,0,0,0,0,0,32,0,0,0,0,0,0,0,0,0,0,0,0,0,0,0,0,19,12,5,63,0,0,0,161,24,11,19,39,0,23,24,4,0,20,3,,
Sudan,,,,,,,,,,,,,,,,,,,,,,,,,,,,,,,,,,,,,,,,,0,0,0,0,0,0,0,0,0,0,0,0,0,0,0,0,0,0,0,0,0,0,0,0,0,0,0,0,0,0,0,0,0,0,0,0,0,0,34,0,0,0,0,150k,0,0,0,0,96,0,0,0,0,24,8,0,152,8,150,38,0,3,33,20,0,5,27,150,0,20,36,20,35,76,39,36,171,25,46,78,155,52,
Senegal,,,,,,,,,,,0,0,0,0,0,0,0,0,0,0,0,0,0,0,0,0,0,0,0,0,0,0,0,0,0,0,0,0,0,0,0,0,0,0,0,0,0,0,0,0,0,0,0,0,0,0,0,0,0,0,0,0,0,0,0,0,0,0,0,0,0,0,0,0,0,0,0,0,0,0,0,0,0,0,0,0,0,0,0,0,0,0,0,0,0,0,0,0,0,187,0,0,28,8,2,0,0,8,1,6,2,0,19,8,0,0,5,0,0,6,7,,
Singapore,,,,,,,,,,,,,,,,,,,,,,,,,,,,,,,,,,,,,,,,,,,,,,,,,,,,,,,,,,,,,,,,,,,,,,,,,,,,,,,,,,,,,,,0,0,0,0,0,0,0,0,0,0,0,0,0,0,0,0,0,0,0,0,0,0,0,0,0,0,0,0,0,0,0,0,,,,,
Solomon Islands,,,,,,,,,,,,,,,,,,,,,,,,,,,,,,,,50,0,0,0,0,0,0,0,0,0,0,0,0,0,0,0,0,0,0,0,0,0,0,0,0,200,0,0,0,0,0,0,0,0,0,3,12,1,0,0,0,0,0,0,200,0,52,0,2,0,0,0,0,0,0,101,0,1,0,0,0,0,4,0,0,0,0,0,0,0,0,0,0,0,0,0,52,0,21,2,0,0,10,47,9,0,0,0,0,28,,
Sierra Leone,,,,,,,,,,,,,,,,,,,,,,,,,,,,,,,,,,,,,,,,,,,,,,,,,,,,,,,,,,,,,,,,,,,,,,,,,,,,1,0,0,0,0,0,0,0,0,60,0,0,0,0,0,0,0,0,0,0,0,12,0,0,13,0,0,0,0,10,20,0,0,0,103,16,21,0,0,0,10,0,1100,0,7,0,0,
El Salvador,,,,,,,,,,,,,,,,,,,,,,,,,,,,,,,,,,,2000,0,400,0,0,0,0,0,0,0,0,0,0,0,0,0,0,1100,0,0,0,0,0,0,0,0,0,0,0,0,0,125,0,0,0,2,0,0,0,0,0,0,0,0,0,0,0,0,520,0,0,0,1100,0,55,10,0,0,2,22,0,8,12,4,475,7,3,1160,1,0,0,120,1,2,30,275,17,35,0,0,0,13,0,10,4,1,75,5,
Somalia,,,,,,,,,,,,,,,,,,,,,,,,,,,,,,,,,,,,,,,,,,,,,,,,,,,,,,,,,,,,,,200,0,0,50,0,0,0,0,0,0,0,0,19k,0,0,0,0,0,0,0,5,0,0,0,0,0,600,0,34,0,0,0,0,130,20,3,2310,0,21,0,0,0,1,298,14,102,25,0,0,20k,0,31,169,0,0,9,0,58,23,41,25,
Serbia,,,,,,,,,,,,,,,,,,,,,,,,,,,,,,,,,,,,,,,,,,,,,,,,,,,,,,,,,,,,,,,,,,,,,,,,,,,,,,,,,,,,,,,,,,,,,,,,,,,,,,,,,,,,0,0,0,9,0,25,0,56,0,0,6,0,0,0,0,
South Sudan,,,,,,,,,,,,,,,,,,,,,,,,,,,,,,,,,,,,,,,,,,,,,,,,,,,,,,,,,,,,,,,,,,,,,,,,,,,,,,,,,,,,,,,,,,,,,,,,,,,,,,,,,,,,,17,0,0,0,47,99,0,0,0,0,0,53,0,7,
Sao Tome and Principe,,,,,,,,,,,,,,,,,,,,,,,,,,,,,,,,,,,,,,,,,,,,,,,,,,,,,,,,,,,,,,,,,,,,,,,,,,,,,,,,,,,,0,0,0,0,0,0,0,0,0,0,0,0,0,0,0,0,0,0,0,0,0,0,0,0,0,0,0,0,0,0,0,0,0,0,0,0,0,0,8,
Suriname,,,,,,,,,,,,,,,,,,,,,,,,,,,,,,,,,,,,,,,,,,,,,,,,,,,,,,,,,,,,,,,,,,,,,,0,0,0,0,0,0,0,0,0,0,0,0,0,0,0,0,0,0,0,0,0,0,0,0,0,0,0,0,0,0,0,0,0,0,0,0,0,3,0,2,0,0,0,0,0,0,0,0,0,0,0,0,0,
Slovak Republic,,,,,,,,,,,,,,,,,,,,,,,,,,,,,,,,,,,,,,,,,,,,,,,,,,,,,,,,,,,,,,,,,,,,,,,,,,,,,,,,,,,,,,,,,,,,,,,,0,0,0,54,2,6,1,0,0,3,1,1,1,0,0,126,0,5,1,0,0,0,0,0,1,1,1,
Slovenia,,,,,,,,,,,,,,,,,,,,,,,,,,,,,,,,,,,,,,,,,,,,,,,,,,,,,,,,,,,,,,,,,,,,,,,,,,,,,,,,,,,,,,,,,,,,,,,,0,0,0,0,0,0,0,0,289,1,0,0,6,0,0,0,0,0,0,4,0,0,0,0,0,1,0,
Sweden,,,,,,,,,,,,,,,,,,,,,,,,,,,,,,,,,,,,,,,,,,,,0,0,0,0,0,0,0,0,0,0,0,0,0,0,0,0,0,0,0,0,0,0,0,0,0,0,0,0,0,0,0,0,0,0,13,0,0,0,0,0,0,0,11,0,0,0,0,0,0,0,0,0,0,0,0,0,3,0,0,1,0,0,7,0,0,0,0,0,0,0,7,0,0,0,0,0,0,1,0,
Eswatini,,,,,,,,,,,,,,,,,,,,,,,,,,,,,,,,,,,,,,,,,,,,,,,,,,,,,,,,,,,,,,,,,,,,,,,,,,,,,,,,,,500,0,0,53,0,0,0,0,0,0,0,0,0,0,0,0,0,0,0,0,0,0,0,0,0,1,2,0,0,0,0,0,0,11,0,0,0,0,0,0,0,
Seychelles,,,,,,,,,,,,,,,,,,,,,,,,,,,,,,,,,,,,,,,,,,,,,,,,,,,,,,,,,,,,,,,,,,,,,,,,,,,,,,,,,,,,,,,,,,,,,,,,0,0,5,0,0,0,0,0,0,3,0,0,0,0,0,0,0,0,0,0,0,0,,,,,,
Syria,,,,,,,,,,,,,,,,,,,,,,,,,,,,,,,,,,,,,,,,,,,,,,,,,,,,,,,,,,,,,,,,,,0,0,0,0,0,0,0,0,0,0,0,0,0,0,0,0,0,0,0,0,0,0,0,0,0,0,0,0,0,0,0,0,0,0,0,0,27,80,0,5,0,6,0,0,0,0,0,0,0,0,13,0,0,0,2,3,1,1
Chad,,,,,,,,,,,0,0,0,0,0,0,0,0,0,0,0,0,0,0,0,0,0,0,0,0,0,0,0,0,0,0,0,0,0,0,0,0,0,0,0,0,0,0,0,0,0,0,0,0,0,0,0,0,0,0,0,0,0,0,0,0,0,0,0,0,0,0,0,0,0,0,0,13,0,0,3000,0,0,0,0,0,0,0,54,0,0,39,0,0,0,2,0,0,0,0,0,100,0,0,0,0,52,29,0,6,24,0,20,0,0,0,0,0,0,52,3,32,
Togo,,,,,,,,,,,,,,,,,,,,,,,,,,,,,,,,,,,,,,,,,,,,,,,,,,,,,,,,,,,,,,,,,,0,0,0,0,0,0,0,0,0,0,0,0,0,0,0,0,0,0,0,0,0,0,0,0,0,0,0,0,0,0,3,0,0,0,0,0,0,0,0,0,0,0,41,6,0,22,0,0,0,0,0,0,0,0,0,11,,
Thailand,,,,,,,,,,,,,,,,,,,,,,,,,,,,,,,,,,,,,,,,,,,,,,,,,,,,,,,,,,,,,,,769,0,0,0,6,0,0,0,0,0,0,0,0,239,0,0,146,0,57,55,0,50,17,18,42,24,664,458,36,55,6,45,130,258,100,212,0,22,109,222,190,9,8380,86,280,53,39,15,258,896,0,84,93,3,35,150,0,26,44,16,
Tajikistan,,,,,,,,,,,,90,0,0,0,0,0,0,0,0,0,0,0,0,0,0,0,0,0,0,175,0,0,0,0,0,0,0,0,0,0,0,0,0,0,0,0,0,0,0,0,0,0,0,0,0,0,0,0,0,0,0,0,0,0,0,0,0,0,0,0,0,0,0,0,0,0,0,0,0,0,0,0,0,0,0,0,0,0,0,0,0,1600,5,0,0,0,40,62,27,0,1,35,7,0,24,25,49,0,21,75,0,3,0,20,12,4,13,6,4,2,24,
Turkmenistan,,,,,,,,,,,,,,,,,,,,,,,,,,,,,,,,,,,,,,,,,,,,,,,,,,,,,,,,,,,,,,,,,,,,,,,,,,,,,,,,,,,,,,,,,,,,,,0,0,0,0,0,0,0,11,0,0,0,0,0,0,0,0,0,0,0,,,,,,,,,,,
Timor-Leste,,,,,,,,,,,,,,,,,,,,,,,,,,,,,,,,,,,,,,,,,,,,,,,,,,,,,,,,,,,,,,,,,,,,,,,,,,,,,,,,,,,,,,,,,,,,,,,,,,,,,,1,0,3,0,0,0,1,0,0,0,0,0,0,0,0,0,0,0,0,3,41,
Tonga,,,,,,,,,,,,,,,,,,,,,,,,,,,,,,,,,,,,,,,,,,,,,,,0,0,0,0,0,0,0,0,0,0,0,0,0,0,0,2,0,0,0,0,0,0,0,0,0,0,0,3,0,0,0,1,0,0,0,0,7,0,0,0,0,0,0,0,1,0,0,0,0,0,0,0,0,0,0,0,0,0,0,0,0,0,0,9,0,0,0,0,1,0,0,0,0,0,0,0,3
Trinidad and Tobago,,,,,,,,,,,,,,,,,,,,,,,,,,,,,,,,,,13,0,0,0,0,0,0,0,0,0,0,0,0,0,0,0,0,0,0,0,0,0,0,0,0,0,0,0,0,0,24,0,0,0,0,0,0,0,0,0,0,2,0,0,0,0,0,0,0,0,0,0,0,0,0,0,0,0,0,0,5,0,0,0,0,0,0,0,0,0,0,3,0,0,0,0,0,0,0,0,0,0,0,0,0,0,,,,
Tunisia,,,,,,,,,,,,,,,,,,,,,,,,,,,,,,,,,,,,,,,,,,,,,,,,,,,,,,,,,,13,0,0,0,0,40,0,49,0,0,0,0,540,0,0,0,111,0,0,0,0,0,0,0,0,117,0,0,0,23,0,0,0,37,0,0,0,0,0,0,0,0,0,0,0,0,12,0,0,0,16,0,17,0,0,0,0,0,0,0,0,13,0,6,3,
Turkey,140,0,0,6260,0,0,0,0,0,0,0,0,923,0,4000,0,0,0,0,0,0,0,0,0,110,203,0,0,50,0,0,0,0,0,120,540,0,0,149,33k,53,445,3030,5140,4010,600,852,0,332,320,20,54,217,1240,0,0,138,152,0,0,0,0,0,0,23,0,2430,280,171,53,1090,935,30,0,33,2390,3910,30,0,0,115,10,0,1350,6,13,15,30,77,0,69,43,914,135,30,231,0,0,239,18k,16,50,86,186,85,43,59,19,2,62,64,655,13,7,0,17,0,0,24,19,233,79,
Tuvalu,,,,,,,,,,,,,,,,,,,,,,,,,,,,,,,,,,,,,,,,,,,,,,,,,,,,,,,,,,,,,,,,,,,,,,,,,6,0,0,0,0,0,0,0,0,0,0,0,0,0,0,0,0,0,0,0,0,0,0,0,0,0,0,0,0,0,0,0,0,0,0,0,0,0,0,0,0,0,0,0,0,0,0,0,0,0,
Taiwan,,,,,148,0,1270,0,0,9,60,1000,0,0,0,0,181,54,0,0,0,0,5,0,1000,0,0,0,0,0,4,0,0,0,0,6020,10,0,0,0,0,319,0,0,0,0,58,0,0,0,0,185,0,67,0,0,0,0,31,1060,199,106,107,15,107,55,36,69,0,269,0,0,0,0,0,0,0,106,0,0,0,26,0,82,31,0,92,61,0,13,5,33,8,0,45,0,65,54,16,2270,103,195,12,3,79,33,8,18,54,630,34,0,20,10,0,9,212,6,91,2,1,18,
Tanzania,,,,,,,,,,,,,,,,,,,,,,,,,,,,,,,,,,,,,,,,,,,,,,,,,,,,,,,,,,,,,,,,,4,0,0,0,40,0,0,0,0,0,25,0,0,0,0,0,0,0,0,0,0,0,0,0,0,10,189,0,0,54,35,3,0,83,61,0,37,18,11,0,10,3,0,0,73,38,0,37,10,0,31,59,33,7,15,47,43,1,0
Uganda,,0,0,0,0,0,0,0,0,0,0,0,0,0,0,0,0,0,0,0,0,0,0,0,0,0,0,0,0,0,0,0,0,0,0,0,0,0,0,0,0,0,0,0,0,0,0,0,0,0,0,0,0,0,0,0,0,0,0,0,0,0,0,0,0,0,104,0,0,0,0,0,0,0,0,0,0,0,0,0,0,0,0,0,0,0,0,0,0,0,0,0,0,0,7,0,0,120,0,115,0,12,96,25,0,0,3,33,49,0,388,50,18,13,0,0,19,17,51,215,35,5,
Ukraine,,,,,,,,,,,,,,,,,,,,,,,,,,,,,,,,,,,,,,,,,,,,,,,,,,,,,,,,,,,,,,,,,,,,,,,,,,,,,,,,,,,,,,,,,,,,0,0,9,0,0,0,11,18,0,10,9,0,0,0,801,2,0,43,27,6,0,195,2,0,0,40,37,0,0,19,1,
Uruguay,,,,,,,,,,,,,,,,,,,,,,,,,,,,,,,,,,,,,,,,,,,,,,,,,,,,,,,,,,,,,,,,,,,,8,0,0,0,0,0,0,0,0,0,0,0,0,0,0,0,0,0,0,0,0,0,0,0,0,0,0,0,0,0,1,1,1,7,0,2,0,0,7,0,2,0,1,4,0,0,0,0,2,8,0,0,0,0,,
United States,6000,0,0,348,0,0,998,0,0,463,30,0,0,732,0,531,0,0,1030,500,224,0,0,0,0,765,268,333,1840,0,0,0,372,156,0,408,1850,137,800,0,59,0,0,0,511,196,198,308,97,95,305,110,293,468,223,546,243,469,139,99,111,146,158,379,423,577,552,275,159,830,37,223,903,128,352,102,139,231,242,186,1400,60,514,332,545,375,62,239,27,259,211,132,98,442,275,879,360,252,366,485,162,153,230,231,219,1970,326,333,303,145,138,809,318,212,205,328,269,336,290,152,253,786,0
Uzbekistan,,,,,,,,,,,,,,,,,,,,,,,,,,,,,,,,,,,,,,,,,,,,,,,,,,,,,,,,,,,,,,,,,,,,,,,,,,,,,,,,,,,,,,,,,,,,,10,0,0,0,0,0,0,24,0,0,0,0,0,0,0,0,0,0,0,13,0,0,0,0,0,0,0,0,4,8,
St. Vincent and the Grenadines,,,1570,0,0,0,0,0,0,0,0,0,0,0,0,0,0,0,0,0,0,0,0,0,0,0,0,0,0,0,0,0,0,0,0,0,0,0,0,0,0,0,0,0,0,0,0,0,0,0,0,0,0,0,0,122,0,0,0,0,0,0,0,0,0,0,0,2,0,0,0,0,0,0,0,0,0,0,0,2,0,0,0,0,0,0,0,0,0,0,0,0,3,0,0,0,0,0,0,0,0,0,4,0,0,0,0,0,0,0,0,0,0,12,0,0,1,0,0,0,0,0,
Venezuela,,,,,,,,,,,,,,,,,,,,,,,,,,,,,,,,,,,,,,,,0,0,0,0,0,0,0,0,0,0,0,100,0,0,0,0,0,0,0,0,0,0,0,30,0,0,0,0,240,0,0,0,0,0,0,0,0,0,0,0,0,0,20,0,0,0,38,3,136,77,0,0,0,0,100,44,0,0,83,0,30k,15,0,4,1,40,97,0,0,8,0,49,17,0,0,0,0,0,0,2,6,3,46,
Vietnam,,,,,,,,,,,,,,,,,,,,,,,,,,,,,,,,,,,,,,,,,,,,,,,,,,,,,,1000,0,0,56,0,0,0,0,0,0,0,7400,0,31,0,0,0,237,112,0,100,0,0,0,0,74,0,402,0,70,734,188,891,600,123,157,959,184,492,287,270,361,269,1010,3690,413,799,592,392,147,128,189,308,579,326,411,356,221,138,72,215,38,52,162,284,134,59,310,27,
Vanuatu,,,,,,,,,,,,,,,,,,,,,,,,,,,,,,,,,,,,,,,,,0,0,0,0,0,0,0,0,0,0,0,100,0,0,0,0,0,0,0,0,0,0,0,0,0,0,0,0,0,0,0,0,4,0,0,0,0,0,0,0,0,0,0,0,0,9,0,48,1,0,0,0,2,4,0,0,0,0,0,44,0,2,0,0,2,0,0,0,0,0,0,0,0,0,12,11,0,0,0,0,5,,
Samoa,,,,,,,,,,,,,,,,,,,,,,,,,,,,,,,,,,,,,,,,,,,,,,,,,,,,,,,,,,,,,,,,,250,0,10,0,0,0,0,0,0,0,0,0,0,0,0,0,0,0,0,0,0,0,0,0,0,0,8,13,0,0,0,0,0,0,0,0,0,0,0,0,1,9,0,0,0,148,0,0,12,0,0,0,0,0,0,0,,,
Yemen,,,,,,,,,,,,,,,,,,,,,,,,,,,,,,,,,,,,,,,,,,1200,0,0,0,0,0,0,0,0,0,0,0,0,0,0,0,0,0,0,0,0,0,0,0,0,0,0,0,0,0,0,0,60,0,52,0,0,0,0,0,0,1510,0,0,0,0,0,0,38,0,10,0,31,0,0,345,0,70,0,0,63,53,15,0,87,30,99,90,11,22,0,0,40,0,26,40,50,49,26,65,24,
South Africa,,,,,,,,,,,,,,,,,,,,,,,,,,,,,,,,,,,,,,,,,,0,0,0,0,0,0,0,0,0,0,0,35,0,0,0,0,0,0,51,0,0,0,0,0,0,0,0,0,9,0,0,0,0,26,0,0,4,26,0,0,104,0,10,64,0,0,506,25,0,12,5,0,19,2,207,98,15,43,57,94,50,42,1,0,2,12,48,50,33,40,46,13,3,33,0,24,32,0,102,13,41,0
Zambia,,,,,,,,,,,,,,,,,,,,,,,,,,,,,,,,,,,,,,,,,,,,,,,,,,,,,,,,,,,,,,,,,,,,,,,0,0,0,0,0,0,0,0,11,0,0,0,0,0,0,0,0,0,0,0,0,0,0,0,0,0,0,0,0,0,0,5,0,4,2,0,0,14,4,31,9,0,0,0,0,0,0,0,0,4,3,0,
Zimbabwe,,,,,,,,,,,,,,,,,,,,,,,,,,,,,,,,,,,,,,,,,,,,,,,,,,,,,,,,,,,,,,,,,,,,,,,,,,,,11,0,0,0,0,0,0,0,0,0,0,0,0,0,0,0,0,0,0,0,0,0,0,36,0,70,13,0,10,0,0,0,27,0,0,0,0,0,125,14,10,31,251,0,654,0,3,0
